{"cameraMode":{"drawMode":0,"name":"Shaded","section":"Shading Mode"},"sceneLighting":false,"audioPlay":false,"sceneViewState":{"m_AlwaysRefresh":false,"showFog":true,"showSkybox":false,"showFlares":true,"showImageEffects":true,"showParticleSystems":true,"showVisualEffectGraphs":true,"m_FxEnabled":true},"in2DMode":false,"pivot":{"x":0.03484392166137695,"y":4.878777980804443,"z":-0.19550037384033204},"rotation":{"x":0.0021955613046884538,"y":0.9304816126823425,"z":-0.36626124382019045,"w":0.005582964513450861},"size":9.059048652648926,"orthographic":false}