{"cameraMode":{"drawMode":0,"name":"Shaded","section":"Shading Mode"},"sceneLighting":false,"audioPlay":false,"sceneViewState":{"m_AlwaysRefresh":false,"showFog":true,"showSkybox":false,"showFlares":true,"showImageEffects":true,"showParticleSystems":true,"showVisualEffectGraphs":true,"m_FxEnabled":true},"in2DMode":false,"pivot":{"x":-0.07696723937988281,"y":4.742858409881592,"z":-0.1798877716064453},"rotation":{"x":0.0021955613046884538,"y":0.9304816126823425,"z":-0.36626124382019045,"w":0.005582964513450861},"size":12.223814010620118,"orthographic":false}