{"cameraMode":{"drawMode":0,"name":"Shaded","section":"Shading Mode"},"sceneLighting":false,"audioPlay":false,"sceneViewState":{"m_AlwaysRefresh":false,"showFog":true,"showSkybox":false,"showFlares":true,"showImageEffects":true,"showParticleSystems":true,"showVisualEffectGraphs":true,"m_FxEnabled":true},"in2DMode":false,"pivot":{"x":-0.07696723937988281,"y":4.742858409881592,"z":-0.1798877716064453},"rotation":{"x":-0.01005904097110033,"y":0.9416573643684387,"z":-0.3352179229259491,"w":-0.02825922891497612},"size":12.223814010620118,"orthographic":false}